Name,CountryCode,Population
Guarulhos,BRA,1095874
Cuenca,ECU,270353
Latur,IND,197408
Baghdad,IRQ,4336000
RuiÂ´an,CHN,156468
Xilin Hot,CHN,90646
Buga,COL,110699
Alor Setar,MYS,124412
Salamanca,MEX,226864
Lagos,NGA,1518000
MÃ¼lheim an der Ruhr,DEU,173895
Dunedin,NZL,119600
Central Coast,AUS,227657
Dire Dawa,ETH,164851
Calbayog,PHL,147187
Ciputat,IDN,270800
Dezful,IRN,202639
Mito,JPN,246559
Jiaozuo,CHN,409100
Apopa,SLV,88800
LeganÃ©s,ESP,173163
Ulanhot,CHN,159538
Buenaventura,COL,224336
Oradea,ROM,222239
Ubon Ratchathani,THA,116300
Kars,TUR,93000
San Fernando del Valle de Cata,ARG,134935
BrasÃ­lia,BRA,1969868
AraguaÃ­na,BRA,114948
Asmara,ERI,431000
Rafsanjan,IRN,98300
Ishinomaki,JPN,120963
Kanuma,JPN,93053
Hanoi,VNM,1410000
Road Town,VGB,8000
Milagro,ECU,124177
Hiroshima,JPN,1119117
Antwerpen,BEL,446525
Betim,BRA,302108
Reading,GBR,148000
Taejon,KOR,1425835
Cosoleacaque,MEX,97199
Weno,FSM,22000
Ovalle,CHL,94854
Wuhu,CHN,425740
Enugu,NGA,316100
CÃ³rdoba,ARG,1157507
BahÃ­a Blanca,ARG,239810
Pindamonhangaba,BRA,121904
Worthing,GBR,100000
San Pedro de MacorÃ­s,DOM,124735
Balikpapan,IDN,338752
Amravati,IND,421576
Nellore,IND,316606
Nakuru,KEN,163927
Jinchang,CHN,105287
Oyama,JPN,152820
Yinchuan,CHN,544500
LÃ¡zaro CÃ¡rdenas,MEX,170878
Oslo,NOR,508726
Pamplona [IruÃ±a],ESP,180483
Adoni,IND,136182
Yatsushiro,JPN,107661
Iida,JPN,107583
Ise,JPN,101732
Pereira,COL,381725
Wonju,KOR,237460
Oberhausen,DEU,222349
AraÂ´ar,SAU,108100
Morogoro,TZA,117800
Viransehir,TUR,106400
Dniprodzerzynsk,UKR,270000
Lobito,AGO,130000
JequiÃ©,BRA,179128
Nova Friburgo,BRA,170697
Santa Rita,BRA,113135
JaraguÃ¡ do Sul,BRA,102580
Giza,EGY,2221868
Gaya,IND,291675
al-Zarqa,JOR,389815
Jiangmen,CHN,230587
Liverpool,GBR,461000
Maidstone,GBR,90878
Batam,IDN,91871
Nishinomiya,JPN,397618
Ebina,JPN,115571
Saint-Denis,REU,131480
al-Tuqba,SAU,125700
Nadiad,IND,167051
Dublin,IRL,481854
Dezhou,CHN,195485
Gilbert,USA,109697
Namur,BEL,105419
Itaituba,BRA,101320
Terrassa,ESP,168695
Shahrud,IRN,104765
Matsusaka,JPN,123582
Boca del RÃ­o,MEX,135721
Makati,PHL,444867
Habra,IND,100223
Hamamatsu,JPN,568796
Pabna,BGD,103277
Jamnagar,IND,341637
Alessandria,ITA,90289
Wien,AUT,1608144
Yantai,CHN,452127
Renqiu,CHN,114256
Tong-yong,KOR,131717
Puente Alto,CHL,386236
Qina,EGY,171275
Bulaq al-Dakrur,EGY,148787
Semnan,IRN,91045
Posadas,ARG,201273
Raiganj,IND,151045
Tondabayashi,JPN,125094
Ksar el Kebir,MAR,107065
Mekka,SAU,965700
Shubra al-Khayma,EGY,870716
Klagenfurt,AUT,91141
Oral,KAZ,195500
Yerevan,ARM,1248700
Darbhanga,IND,218391
Modinagar,IND,101660
Gothenburg [GÃ¶teborg],SWE,466990
Santiago de Chile,CHL,4703954
Gibraltar,GIB,27025
Ambon,IDN,249312
Pune,IND,1566651
Bhubaneswar,IND,411542
Siliguri (Shiliguri),IND,216950
Zhaodong,CHN,179976
Odessa,USA,89293
Suez,EGY,417610
Longyearbyen,SJM,1438
Athenai,GRC,772072
Maribor,SVN,115532
ElÃ¢zig,TUR,228815
Ã‡orum,TUR,145495
Huambo,AGO,163100
[San CristÃ³bal de] la Laguna,ESP,127945
Pinetown,ZAF,378810
Gifu,JPN,408007
Raleigh,USA,276093
Sorocaba,BRA,466823
Patos,BRA,90519
Biratnagar,NPL,157764
Ejigbo,NGA,105900
Bismil,TUR,101400
Stara Zagora,BGR,147939
Banha,EGY,145792
Neiva,COL,300052
Florencia,COL,108574
ChapecÃ³,BRA,144158
Sofija,BGR,1122302
Qomsheh,IRN,89800
Shimoga,IND,179258
Tsuruoka,JPN,100713
Castanhal,BRA,127634
San Jose,PHL,108254
BÃ¦rum,NOR,101340
Arad,ROM,184408
NoumÃ©a,NCL,76293
Quevedo,ECU,129631
Donostia-San SebastiÃ¡n,ESP,179208
Andimeshk,IRN,106923
Aqsu,CHN,164092
Djibouti,DJI,383000
YaÂ´an,CHN,95900
Pondicherry,IND,203065
Takatsuki,JPN,361747
Hanzhong,CHN,169930
JiÂ´an,CHN,148583
Matadi,COD,172730
Osasco,BRA,659604
Kimchaek,PRK,179000
Tampico,MEX,294789
Guasave,MEX,277201
Blackpool,GBR,151000
Jalgaon,IND,242193
Rishra,IND,102649
Komsomolsk-na-Amure,RUS,291600
Lubbock,USA,199564
Visalia,USA,91762
Nijmegen,NLD,152463
CodÃ³,BRA,103153
Gloucester,CAN,107314
Lashio (Lasho),MMR,107600
Bremen,DEU,540330
Legazpi,PHL,157010
Kasugai,JPN,282348
Amersfoort,NLD,126270
Chittagong,BGD,1392860
Ciparay,IDN,111500
Tokushima,JPN,269649
San Marino,SMR,2294
Aydin,TUR,128651
Dundee,GBR,146690
Talcahuano,CHL,277752
Panihati,IND,275990
Reggio nellÂ´ Emilia,ITA,143664
Jining,CHN,265248
Cartago,COL,125884
Salem,USA,136924
Hagonoy,PHL,111425
Villeurbanne,FRA,124215
Ludwigshafen am Rhein,DEU,163771
Adelaide,AUS,978100
Korla,CHN,159344
Niznevartovsk,RUS,233900
Tanauan,PHL,117539
Mango,IND,110024
Delta,CAN,95411
Shanghai,CHN,9696300
Vilnius,LTU,577969
Awka,NGA,111200
Paulista,BRA,248473
Santa BÃ¡rbara dÂ´Oeste,BRA,171657
Yangquan,CHN,362268
Madison,USA,208054
TaubatÃ©,BRA,229130
Botshabelo,ZAF,177971
Zhangjiang,CHN,400997
CuliacÃ¡n,MEX,744859
Saint-Louis,SEN,132400
Szeged,HUN,158158
Le-Cap-HaÃ¯tien,HTI,102233
Bhatpara,IND,304952
Changzhi,CHN,317144
Campos dos Goytacazes,BRA,398418
Kukatpalle,IND,185378
Sittwe (Akyab),MMR,137600
Colombo,LKA,645000
Port Sudan,SDN,308195
Constantine,DZA,443727
Damanhur,EGY,212203
Anqing,CHN,250718
Yibin,CHN,241019
Garden Grove,USA,165196
AnÃ¡polis,BRA,282197
Cascavel,BRA,237510
Zamboanga,PHL,601794
Utsunomiya,JPN,440353
Songnam,KOR,869094
IbiritÃ©,BRA,125982
Oldbury/Smethwick (Warley),GBR,145542
Allappuzha (Alleppey),IND,174666
Khandwa,IND,145133
Huaiyin,CHN,239675
Sanmenxia,CHN,120523
Tunja,COL,109740
Oakland,USA,399484
Uruguaiana,BRA,126305
Rustavi,GEO,155400
Ravenna,ITA,138418
Kawachinagano,JPN,119666
Anyang,CHN,420332
Fuling,CHN,173878
Wuwei,CHN,133101
Afyon,TUR,103984
Utrecht,NLD,234323
Alvorada,BRA,175574
Vereeniging,ZAF,328535
Kidapawan,PHL,101205
Chonju,KOR,563153
Zanzibar,TZA,157634
Nassau,BHS,172000
Pondok Aren,IDN,92700
Durg,IND,150645
Nuuk,GRL,13445
Mahbubnagar,IND,116833
CamagÃ¼ey,CUB,298726
Hurlingham,ARG,170028
Geelong,AUS,125382
SertÃ£ozinho,BRA,98140
Ozamis,PHL,110420
Port-au-Prince,HTI,884472
Tokorozawa,JPN,325809
Zhoushan,CHN,156317
Dali,CHN,136554
Duyun,CHN,132971
Cixi,CHN,107329
MytiÅ¡tÅ¡i,RUS,155700
Embu,BRA,222223
ValparaÃ­so,CHL,293800
Malaybalay,PHL,123672
Bologna,ITA,381161
Kelang,MYS,243355
Kostjantynivka,UKR,95000
Curitiba,BRA,1584232
MossorÃ³,BRA,214901
Titagarh,IND,114085
MonterÃ­a,COL,248245
Pinhais,BRA,98198
Ourinhos,BRA,96291
Bacabal,BRA,93121
Zagazig,EGY,267351
East London,ZAF,221047
Chittoor,IND,133462
Jokohama [Yokohama],JPN,3339594
Gdynia,POL,253521
al-Qamishliya,SYR,144286
Eindhoven,NLD,201843
Indaiatuba,BRA,135968
Bhilwara,IND,183965
Baoji,CHN,337765
Moga,IND,108304
Piacenza,ITA,98384
Hermosillo,MEX,608697
Iguala de la Independencia,MEX,123883
Shikarpur,PAK,133300
Piura,PER,325000
Linhares,BRA,106278
Koganei,JPN,110969
Almaty,KAZ,1129400
Likasi,COD,299118
Mit Ghamr,EGY,101801
Funabashi,JPN,545299
Nampo,PRK,566200
Rawalpindi,PAK,1406214
Tando Adam,PAK,103400
Chiayi,TWN,265109
Pasig,PHL,505058
Coimbatore,IND,816321
Sagamihara,JPN,586300
Isesaki,JPN,123285
Anaheim,USA,328014
Quilmes,ARG,559249
MarÃ­lia,BRA,188691
San Pablo,PHL,207927
Kerman,IRN,384991
Nagaoka,JPN,192407
Habikino,JPN,118968
Suihua,CHN,227881
Taonan,CHN,150168
Brazzaville,COG,950000
Tainan,TWN,728060
SÃ£o Bernardo do Campo,BRA,723132
Kobe,JPN,1425139
Himeji,JPN,475167
Toyonaka,JPN,396689
Barrancabermeja,COL,178020
Roanoke,USA,93357
Mendoza,ARG,123027
La Ceiba,HND,89200
Hami,CHN,161315
San Francisco del RincÃ³n,MEX,100149
Krefeld,DEU,241769
Saint George,BMU,1800
Hamilton,BMU,1200
RondonÃ³polis,BRA,155115
Cauayan,PHL,103952
Lhokseumawe,IDN,109600
Jodhpur,IND,666279
Tuticorin,IND,199854
Dongtai,CHN,192247
Luohe,CHN,126438
Hongjiang,CHN,116188
Barra do PiraÃ­,BRA,89388
Bogor,IDN,285114
Haldia,IND,100347
Tanger,MAR,521735
Kimberley,ZAF,197254
Edmonton,CAN,616306
Derbent,RUS,92300
London,CAN,339917
Savannakhet,LAO,96652
Balti,MDA,153400
Krasnyi LutÅ¡,UKR,101000
GÃ¤ncÃ¤,AZE,299300
Kingston upon Hull,GBR,262000
Hardwar (Haridwar),IND,147305
Haldwani-cum-Kathgodam,IND,104195
Irbil,IRQ,485968
Barletta,ITA,91904
Ufa,RUS,1091200
Jalandhar (Jullundur),IND,509510
Delhi Cantonment,IND,94326
ForlÃ¬,ITA,107475
Ica,PER,194820
Sousse,TUN,145900
BiÃ±an,PHL,201186
Panabo,PHL,133950
Malasiqui,PHL,113190
Shiraz,IRN,1053025
Nyeri,KEN,91258
Fuzhou,CHN,1593800
Huaibei,CHN,366549
Valledupar,COL,263247
Kuala Lumpur,MYS,1297526
El Araich,MAR,90400
CuautitlÃ¡n Izcalli,MEX,452976
Aalborg,DNK,161161
Å ostka,UKR,90000
Cochin (Kochi),IND,564589
Ashdod,ISR,155800
Shimizu,JPN,239123
Battambang,KHM,129800
Shishou,CHN,104571
Georgetown,GUY,254000
Banyuwangi,IDN,89900
Kawanishi,JPN,149794
Kimitsu,JPN,93216
Los Cabos,MEX,105199
MÃ¼nster,DEU,264670
Pasay,PHL,354908
Basirhat,IND,101409
Sudbury,CAN,92686
Changzhou,CHN,530000
Exeter,GBR,111000
Crawley,GBR,97000
Osorno,CHL,141468
Hiratsuka,JPN,254207
Changji,CHN,132260
Arequipa,PER,762000
Matsuyama,JPN,466133
Kitchener,CAN,189959
Deyang,CHN,182488
Linqing,CHN,123958
LuziÃ¢nia,BRA,125597
Changshu,CHN,181805
San Felipe,MEX,95305
Kano,NGA,674100
TÅ¡erkasy,UKR,309000
Berdjansk,UKR,130000
CamaÃ§ari,BRA,149146
Pondokgede,IDN,263200
Latina,ITA,114099
Ancona,ITA,98329
Numazu,JPN,211382
Markham,CAN,189098
Tallinn,EST,403981
Juazeiro,BRA,201073
Salatiga,IDN,103000
Allahabad,IND,792858
Takaoka,JPN,174380
Chifeng,CHN,350077
Zhuhai,CHN,164747
Ikare,NGA,140800
Bordeaux,FRA,215363
Kayseri,TUR,475657
Newport,GBR,139000
Cimanggis,IDN,205100
Zhangjiagang,CHN,97994
Bekasi,IDN,644300
Ajmer,IND,402700
Tychy,POL,133178
Oulu,FIN,120753
al-Manama,BHR,148000
Jacobina,BRA,96131
Zanjan,IRN,286295
Jinzhou,CHN,570000
Lipetsk,RUS,521000
Santa FÃ©,ARG,353063
Moji-GuaÃ§u,BRA,123782
San Carlos,PHL,154264
Ligao,PHL,90603
Murwara (Katni),IND,163431
Okayama,JPN,624269
Prizren,YUG,92303
Caen,FRA,113987
Chelmsford,GBR,97451
Saharanpur,IND,374945
Mandya,IND,120265
Hazaribag,IND,97712
Bafoussam,CMR,131000
Luzhou,CHN,262892
Hengshui,CHN,104269
Haarlemmermeer,NLD,110722
Sultan Kudarat,PHL,94861
Kanpur Cantonment,IND,93109
San Miguel de TucumÃ¡n,ARG,470809
Sobral,BRA,146005
London,GBR,7285000
Talca,CHL,187557
Potchefstroom,ZAF,101817
Kaifeng,CHN,510000
Lhasa,CHN,120000
Phoenix,USA,1321045
Kendari,IDN,94800
Jinan,CHN,2278100
Bamako,MLI,809552
DÃ¼ren,DEU,91092
Gjumri,ARM,211700
Patos de Minas,BRA,119262
Las Palmas de Gran Canaria,ESP,354757
Witbank,ZAF,167183
Cabuyao,PHL,106630
Miraj,IND,125407
Dongwan,CHN,308669
Floridablanca,COL,221913
Queimados,BRA,115020
Cockburn Town,TCA,4800
Imperatriz,BRA,224564
Dobric,BGR,100399
Bhiwandi,IND,379070
Hangzhou,CHN,2190500
Itabuna,BRA,182148
Huddersfield,GBR,143726
al-Rusayfa,JOR,137247
RÃ­o Cuarto,ARG,134355
Surabaya,IDN,2663820
Gorakhpur,IND,505566
Kawaguchi,JPN,452155
Metairie,USA,149428
Flint,USA,124943
Pueblo,USA,102121
La Rioja,ARG,138117
JoÃ£o Pessoa,BRA,584029
SÃ£o Vicente,BRA,286848
Cabo de Santo Agostinho,BRA,149964
Belfast,GBR,287500
Korba,IND,124501
Chengde,CHN,246799
Linfen,CHN,187309
Peristerion,GRC,137288
Votorantim,BRA,91777
Koudougou,BFA,105000
Mosul,IRQ,879000
Koriyama,JPN,330335
Tajimi,JPN,103171
Bobo-Dioulasso,BFA,300000
Chatsworth,ZAF,189885
San Fernando,PHL,221857
Anshan,CHN,1200000
Nakhon Ratchasima,THA,181400
Sirajganj,BGD,99669
Sagar,IND,195346
Livorno,ITA,161673
Toyota,JPN,346090
Chengdu,CHN,3361500
Zunyi,CHN,261862
Velikije Luki,RUS,116300
BÃ©char,DZA,107311
Aligarh,IND,480520
Ponta Grossa,BRA,268013
SÃ£o Carlos,BRA,187122
Magelang,IDN,123800
Tanjung Pinang,IDN,89900
Jiaohe,CHN,176367
Villa Nueva,GTM,101295
Maxixe,MOZ,93985
Palayankottai,IND,97662
Birigui,BRA,94685
Stoke-on-Trent,GBR,252000
Moriguchi,JPN,155941
Oakville,CAN,139192
Gujranwala,PAK,1124749
Port Moresby,PNG,247000
SumarÃ©,BRA,186205
Warangal,IND,447657
Ube,JPN,175206
Thunder Bay,CAN,115913
Hong Gai,VNM,127484
Moji das Cruzes,BRA,339194
Foz do IguaÃ§u,BRA,259425
San Felipe de Puerto Plata,DOM,89423
Ashikaga,JPN,165243
Kameoka,JPN,92398
Muzaffargarh,PAK,121600
Qandahar,AFG,237500
Biskra,DZA,128281
Raipur,IND,438639
Milano,ITA,1300977
Sakai,JPN,797735
UberlÃ¢ndia,BRA,487222
Naga,PHL,137810
Petah Tiqwa,ISR,159400
Yokosuka,JPN,430200
BeiÂ´an,CHN,204899
Laohekou,CHN,123366
al-Taif,SAU,416100
South Hill,AIA,961
Shivapuri,IND,108277
Machakos,KEN,116293
Parakou,BEN,103577
Valencia,PHL,147924
Agra,IND,891790
Catanzaro,ITA,96700
SaarbrÃ¼cken,DEU,183836
Ujung Pandang,IDN,1060257
Gonbad-e Qabus,IRN,111253
Fargona,UZB,180500
Qostanay,KAZ,221400
Jiangyin,CHN,213659
Tulcea,ROM,96278
Ipswich,GBR,114000
Gandhidham,IND,104585
Saint Catharines,CAN,136216
Shaoyang,CHN,247227
Fengcheng,CHN,193784
Huizhou,CHN,161023
Duque de Caxias,BRA,746758
Kota,IND,537371
Nizamabad,IND,241034
CuiabÃ¡,BRA,453813
Bristol,GBR,402000
La Serena,CHL,137409
Secunderabad,IND,167461
Yancheng,CHN,296831
Shangzi,CHN,215373
Heidelberg,DEU,139672
La Paz,BOL,758141
Vila Velha,BRA,318758
Temuco,CHL,233041
Batumi,GEO,137700
Jalna,IND,174985
Kishiwada,JPN,197276
Jiutai,CHN,180130
Alkmaar,NLD,92713
Shimonoseki,JPN,257263
Urayasu,JPN,127550
Kisumu,KEN,192733
PÃ¡nuco,MEX,90551
Iquitos,PER,367000
Oxford,GBR,144000
Anjo,JPN,153823
QuÃ©bec,CAN,167264
Rudnyy,KAZ,109500
Peking,CHN,7472000
Kunming,CHN,1829500
Xuzhou,CHN,810000
Fuxin,CHN,640000
Kanton [Guangzhou],CHN,4256300
Santos,BRA,408748
Silay,PHL,107722
Kalyan,IND,1014557
Roma,ITA,2643581
Matsubara,JPN,135010
Abiko,JPN,126670
Xiantao,CHN,222884
Ezhou,CHN,190123
Yuyao,CHN,114065
Barcelona,VEN,322267
NovotÅ¡erkassk,RUS,184400
Manchester,GBR,430000
Ambato,ECU,169612
Xinzhou,CHN,98667
Tete,MOZ,101984
Nantes,FRA,270251
Oran,DZA,609823
Dipolog,PHL,99862
Yonezawa,JPN,95592
Nepean,CAN,115100
Loudi,CHN,128418
Å ahty,RUS,221800
San Francisco,USA,776733
Mount Darwin,ZWE,164362
Saint JohnÂ´s,ATG,24000
Fortaleza,BRA,2097757
Matola,MOZ,424662
Yumen,CHN,109234
Lancaster,USA,118718
Basra,IRQ,406296
Onitsha,NGA,371900
Le Mans,FRA,146105
Ajman,ARE,114395
al-Mahallat al-Kubra,EGY,395402
Mathura,IND,226691
Imabari,JPN,119357
Shaowu,CHN,90286
Guwahati (Gauhati),IND,584342
Shymkent,KAZ,360100
Blida (el-Boulaida),DZA,127284
MaringÃ¡,BRA,286461
Banda Aceh,IDN,143409
Livonia,USA,100545
Bhusawal,IND,145143
Takamatsu,JPN,332471
TecÃ¡mac,MEX,172410
Myingyan,MMR,103600
Quezon,PHL,2173831
Jombang,IDN,92600
Barrackpur,IND,133265
Longyan,CHN,134481
Coventry,GBR,304000
Medan,IDN,1843919
Tieli,CHN,265683
Fujin,CHN,103104
KrakÃ³w,POL,738150
Kingstown,VCT,17100
Sfax,TUN,257800
Haarlem,NLD,148772
GuaymallÃ©n,ARG,200595
San Pedro,PHL,231403
Lengshuijiang,CHN,137994
Pingliang,CHN,99265
Swansea,GBR,230000
Kamagaya,JPN,100821
Toledo,BRA,99387
Lincoln,USA,225581
Newcastle,AUS,270324
Dourados,BRA,164716
al-Mansura,EGY,369621
Santa Coloma de Gramenet,ESP,120802
Salem,IND,366712
Berhampore (Baharampur),IND,115144
Rajapalaiyam,IND,114202
Kanazawa,JPN,455386
Cluj-Napoca,ROM,332498
Suzano,BRA,195434
Arapiraca,BRA,178988
Valladolid,ESP,319998
Tanza,PHL,110517
St Petersburg,RUS,4694000
Long Beach,USA,461522
Mandaluyong,PHL,278474
Achalpur,IND,96216
Yonago,JPN,136461
Komatsu,JPN,107937
Dongying,CHN,281728
Enshi,CHN,93056
Envigado,COL,135848
KecskemÃ©t,HUN,105606
Caucaia,BRA,238738
Qinhuangdao,CHN,364972
Kakamigahara,JPN,131831
Foshan,CHN,303160
Sukkur,PAK,329176
Bilbao,ESP,357589
Alwar,IND,205086
Ganganagar,IND,161482
Toyohashi,JPN,360066
Mishan,CHN,132744
Banjarmasin,IDN,482931
Khomeynishahr,IRN,165888
Akashi,JPN,292253
Alanya,TUR,117300
Belford Roxo,BRA,425194
Kowloon and New Kowloon,HKG,1987996
Catania,ITA,337862
Hodeida,YEM,298500
Abbotsford,CAN,105403
Roxas,PHL,126352
Rampur,IND,243742
Coquitlam,CAN,101820
MacapÃ¡,BRA,256033
Gorgan,IRN,188710
Ferrara,ITA,132127
Ciomas,IDN,187400
Salzburg,AUT,144247
Yosu,KOR,183596
Tlaquepaque,MEX,475472
Tucheng,TWN,224897
Izmit (Kocaeli),TUR,210068
Jessore,BGD,139710
Ambala,IND,122596
Sanaa,YEM,503600
Bikaner,IND,416289
Rajahmundry,IND,324851
Changde,CHN,301276
Chong-up,KOR,139111
Soledad de Graciano SÃ¡nchez,MEX,179956
Los Angeles,CHL,158215
Muzaffarnagar,IND,240609
Hitachinaka,JPN,148006
Fushun,CHN,1200000
Guigang,CHN,114025
Ikoma,JPN,111645
Zhuzhou,CHN,409924
Metepec,MEX,194265
Mons,BEL,90935
NiterÃ³i,BRA,459884
Nanded (Nander),IND,275083
Faizabad,IND,124437
Vicenza,ITA,109738
Putian,CHN,91030
Caracas,VEN,1975294
Americana,BRA,177409
Itapetininga,BRA,119391
Cadiz,PHL,141954
Miryang,KOR,121501
Adamstown,PCN,42
Potsdam,DEU,128983
Hat Yai,THA,148632
Gloucester,GBR,107000
Quetzaltenango,GTM,90801
KÃ¶kshetau,KAZ,123400
MedellÃ­n,COL,1861265
Narayanganj,BGD,202134
JaÃº,BRA,109965
Solapur (Sholapur),IND,604215
Babol,IRN,158346
Zhaoqing,CHN,194784
Puno,PER,101578
Aberdeen,GBR,213070
York,GBR,104425
San Salvador,SLV,415346
Gadag Betigeri,IND,134051
Toyama,JPN,325790
Tongliao,CHN,255129
Kirov,RUS,466200
Kananga,COD,393030
Lerdo,MEX,112272
KÃ¸benhavn,DNK,495699
Melbourne,AUS,2865329
Worcester,GBR,95000
Punta Arenas,CHL,125631
CopiapÃ³,CHL,120128
Suva,FJI,77366
Shanwei,CHN,107847
Nablus,PSE,100231
DivinÃ³polis,BRA,185047
Ciego de Ãvila,CUB,98505
Jaffna,LKA,149000
TÅ¡ernivtsi,UKR,259000
Jevpatorija,UKR,112000
Woking/Byfleet,GBR,92000
Akita,JPN,314440
Kitami,JPN,111295
Hohhot,CHN,916700
Serekunda,GMB,102600
Cuddalore,IND,153086
Toluca,MEX,665617
Epe,NGA,101000
Salala,OMN,131813
Wuppertal,DEU,368993
Aizuwakamatsu,JPN,119287
Burlington,CAN,145150
CarÃºpano,VEN,119639
Lalbahadur Nagar,IND,155500
Managua,NIC,959000
Malabo,GNQ,40000
Avellaneda,ARG,353046
Cilegon,IDN,117000
Sayama,JPN,162472
Ghulja,CHN,177193
Chenzhou,CHN,169400
Kitwe,ZMB,288600
Cheltenham,GBR,106000
Tamale,GHA,151069
Bhagalpur,IND,253225
Farrukhabad-cum-Fatehgarh,IND,194567
Yao,JPN,276421
Kushiro,JPN,197608
Tachikawa,JPN,159430
Cochabamba,BOL,482800
Johannesburg,ZAF,756653
Malungon,PHL,93232
Haora (Howrah),IND,950435
Kaiserslautern,DEU,100025
Breda,NLD,160398
Rotherham,GBR,121380
Machala,ECU,210368
Bojnurd,IRN,134835
Bukan,IRN,120020
Winnipeg,CAN,618477
Hebi,CHN,212976
Dujiangyan,CHN,123357
Novo Hamburgo,BRA,239940
MaracanaÃº,BRA,162022
Mandaue,PHL,259728
Anantapur,IND,174924
Wardha,IND,102985
Kyongju,KOR,272968
Zamora,MEX,161191
Ikorodu,NGA,184900
Willemstad,ANT,2345
Varna,BGR,299801
Avarua,COK,11900
Indore,IND,1091674
Thiruvananthapuram (Trivandrum,IND,524006
Raj Nandgaon,IND,125371
Higashiosaka,JPN,517785
Ibaraki,JPN,261020
Varamin,IRN,107233
Yamato,JPN,208234
Tottori,JPN,147523
Oviedo,ESP,200453
Benxi,CHN,770000
Qianjiang,CHN,205504
Brahmanbaria,BGD,109032
Antipolo,PHL,470866
Qaemshahr,IRN,143286
Kadoma,JPN,138953
Quanzhou,CHN,185154
Misrata,LBY,121669
NouÃ¢dhibou,MRT,97600
Coatzacoalcos,MEX,267037
Piatra Neamt,ROM,125070
Bhavnagar,IND,402338
Tiruppur (Tirupper),IND,235661
Santipur,IND,109956
Yamaguchi,JPN,138210
Ust-Ilimsk,RUS,105200
Iquique,CHL,177892
Izumi,JPN,166979
Monaco-Ville,MCO,1234
Cotabato,PHL,163849
Cibinong,IDN,101300
al-Sulaymaniya,IRQ,364096
Kamakura,JPN,167661
Yichang,CHN,371601
Bairiki,KIR,2226
Bhilai,IND,386159
Baotou,CHN,980000
Haining,CHN,100478
Kuwait,KWT,28859
Kota Bharu,MYS,219582
Palmas,BRA,121919
Luton,GBR,183000
Boston,USA,589141
Angra dos Reis,BRA,96864
Kawasaki,JPN,1217359
Yichun,CHN,800000
Osh,KGZ,222700
Kumo,NGA,148000
Mymensingh,BGD,188713
San Carlos,PHL,118259
Hisar (Hissar),IND,172677
Saveh,IRN,111245
Pesaro,ITA,88987
Amman,JOR,1000000
Brampton,CAN,296711
Petropavl,KAZ,203500
Jinmen,CHN,160794
Jammu,IND,214737
Macao,MAC,437500
Lagos de Moreno,MEX,127949
Wad Madani,SDN,211362
Santa Cruz do Sul,BRA,106734
Chennai (Madras),IND,3841396
Tel Aviv-Jaffa,ISR,348100
Portmore,JAM,99799
Tianmen,CHN,186332
Huaihua,CHN,126785
Pointe-Noire,COG,500000
Bauru,BRA,313670
Vicente LÃ³pez,ARG,288341
San Rafael,ARG,94651
Varginha,BRA,108314
A CoruÃ±a (La CoruÃ±a),ESP,243402
Banjul,GMB,42326
Sasebo,JPN,244240
Inazawa,JPN,98746
Vancouver,CAN,514008
Rio de Janeiro,BRA,5598953
Erode,IND,159232
Abohar,IND,107163
Urasoe,JPN,96002
Ibb,YEM,103300
Surrey,CAN,304477
Liaoyang,CHN,492559
Zoetermeer,NLD,110214
ParanÃ¡,ARG,207041
RibeirÃ£o das Neves,BRA,232685
Soshanguve,ZAF,242727
Dagupan,PHL,130328
Sukabumi,IDN,125766
Meihekou,CHN,209038
Dhule (Dhulia),IND,278317
Nagano,JPN,361391
Fukaya,JPN,102156
Kragujevac,YUG,147305
Oujda,MAR,365382
Freiburg im Breisgau,DEU,202455
Tiaret,DZA,100118
Campinas,BRA,950043
Eastbourne,GBR,90000
Sorsogon,PHL,92512
Aqtau,KAZ,143400
Villavicencio,COL,273140
Salt Lake City,USA,181743
Halifax,GBR,91069
Kafr al-Shaykh,EGY,124819
Mwene-Ditu,COD,137459
LanÃºs,ARG,469735
PoÃ§os de Caldas,BRA,129683
GuaratinguetÃ¡,BRA,103433
Tuguegarao,PHL,120645
Bellary,IND,245391
Handa,JPN,108600
Cam Pha,VNM,209086
Baku,AZE,1787800
Baliuag,PHL,119675
Praha,CZE,1181126
Vanderbijlpark,ZAF,468931
Sambhal,IND,150869
Ardebil,IRN,340386
Luanda,AGO,2022000
al-Ayn,ARE,225970
Bani Suwayf,EGY,172032
ReykjavÃ­k,ISL,109184
Bene Beraq,ISR,133900
Ramagundam,IND,214384
Palermo,ITA,683794
Xinyu,CHN,173524
Zwolle,NLD,105819
San Salvador de Jujuy,ARG,178748
Rochdale,GBR,94313
Badajoz,ESP,136613
North York,CAN,622632
TonalÃ¡,MEX,336109
Warri,NGA,126100
SÃ£o LuÃ­s,BRA,837588
al-Arish,EGY,100447
Taguig,PHL,467375
Musashino,JPN,134426
AraÃ§atuba,BRA,169303
Alexandria,EGY,3328196
Randburg,ZAF,341288
Percut Sei Tuan,IDN,129000
Lucknow,IND,1619115
Unnao,IND,107425
Kokubunji,JPN,106996
Taiyuan,CHN,1968400
Kimchon,KOR,147027
Chihuahua,MEX,670208
La Romana,DOM,140204
Conakry,GIN,1090610
Kamarhati,IND,266889
Jerusalem,ISR,633700
Obihiro,JPN,173685
Chongqing,CHN,6351600
San Bernardo,CHL,241910
Chiba,JPN,863930
Maroua,CMR,143000
Ekibastuz,KAZ,127200
Ecatepec de Morelos,MEX,1620303
Grenoble,FRA,153317
Huelva,ESP,140583
Sitapur,IND,121842
Ramat Gan,ISR,126900
Firenze,ITA,376662
Nova IguaÃ§u,BRA,862225
Teixeira de Freitas,BRA,108441
Valdivia,CHL,133106
Noda,JPN,121030
Neijiang,CHN,256012
Temapache,MEX,102824
ThiÃ¨s,SEN,248000
TÃ©bessa,DZA,112007
CorumbÃ¡,BRA,90111
Uluberia,IND,155172
Cesena,ITA,89852
Joinville,BRA,428011
Disuq,EGY,91300
ParaÃ±aque,PHL,449811
Ahmedabad,IND,2876710
Beograd,YUG,1204000
Wuhan,CHN,4344600
Panjin,CHN,362773
Suqian,CHN,105021
Armenia,COL,288977
Navolato,MEX,145396
San AndrÃ©s Tuxtla,MEX,142251
Tampere,FIN,195468
Port-of-Spain,TTO,43396
Maastricht,NLD,122087
Contagem,BRA,520801
Araguari,BRA,98399
Shambajinagar (Aurangabad),IND,573272
Bokaro Steel City,IND,333683
Vidisha,IND,92917
Zhangzhou,CHN,181424
Santiago de los Caballeros,DOM,365463
Pavlodar,KAZ,300500
Yakeshi,CHN,377869
Jhelum,PAK,145800
Adana,TUR,1131198
Varanasi (Benares),IND,929270
Ranchi,IND,599306
Hospet,IND,96322
Padova,ITA,211391
La Matanza,ARG,1266461
Cotonou,BEN,536827
Germiston,ZAF,164252
Calcutta [Kolkata],IND,4399819
Pingyi,CHN,89373
North Shore,NZL,187700
Bhatinda (Bathinda),IND,159042
Zaoyang,CHN,162198
Hamhung,PRK,709730
Skikda,DZA,128747
Ãguas Lindas de GoiÃ¡s,BRA,89200
Kediri,IDN,253760
Xianning,CHN,136811
Kwangmyong,KOR,350914
Porto Velho,BRA,309750
Santa Ana,SLV,139389
Mdantsane,ZAF,182639
Kupang,IDN,129300
Kermanshah,IRN,692986
Monza,ITA,119516
Hino,JPN,166770
Yaizu,JPN,117258
Lianyuan,CHN,118858
Bayambang,PHL,96609
Morena,IND,147124
Hoshiarpur,IND,122705
Purulia,IND,92574
Takasaki,JPN,239124
Praia,CPV,94800
Vacoas-Phoenix,MUS,98464
Guadalupe,MEX,108881
Legnica,POL,109335
Bern,CHE,122700
Amsterdam,NLD,731200
Dos Hermanas,ESP,94591
Jakarta,IDN,9604900
Namibe,AGO,118200
Godhra,IND,96813
Cangzhou,CHN,242708
Victoria de las Tunas,CUB,132350
AntsirabÃ©,MDG,120239
Caguas,PRI,140502
Vanadzor,ARM,172700
Kharagpur,IND,177989
Pilibhit,IND,106605
Sutton Coldfield,GBR,106001
Basildon,GBR,100924
Marbella,ESP,101144
Dese,ETH,97314
Dumaguete,PHL,102265
Bulandshahr,IND,127201
al-Diwaniya,IRQ,196519
Iksan,KOR,322685
Malatya,TUR,330312
Sete Lagoas,BRA,182984
Santo Domingo de los Colorados,ECU,202111
Pekalongan,IDN,301504
Panipat,IND,215218
Haeju,PRK,229172
South Bend,USA,107789
Iloilo,PHL,365820
Ahvaz,IRN,804980
Fuji,JPN,231527
Siping,CHN,317223
Wafangdian,CHN,251733
Amadora,PRT,122106
ChorzÃ³w,POL,121708
Rosario,ARG,907718
Birmingham,GBR,1013000
Lipa,PHL,218447
Mumbai (Bombay),IND,10500000
Xiangtan,CHN,441968
Sariwon,PRK,254146
Sunrise Manor,USA,95362
XiÂ´an,CHN,2761400
Jiaonan,CHN,121397
Chishtian Mandi,PAK,101700
al-Kharj,SAU,152100
Birkenhead,GBR,93087
Idfu,EGY,94200
Baguio,PHL,252386
Calapan,PHL,105910
Palembang,IDN,1222764
Navadwip,IND,125037
Meerut Cantonment,IND,94876
Groningen,NLD,172701
Olinda,BRA,354732
Ferraz de Vasconcelos,BRA,139283
George Town,CYM,19600
Cuautla,MEX,153132
Dordrecht,NLD,119811
Oita,JPN,433401
Mobara,JPN,91664
Kyzyl,RUS,101100
Mingora,PAK,174500
Gera,DEU,114718
Umlazi,ZAF,339233
Nanning,CHN,1161800
Luoyang,CHN,760000
Gongziling,CHN,226569
Bucaramanga,COL,515555
Valencia,ESP,739412
Qazvin,IRN,291117
Wuxi,CHN,830000
Rahim Yar Khan,PAK,228479
Padang Sidempuan,IDN,91200
Zixing,CHN,110048
Durgapur,IND,425836
Rehovot,ISR,90300
Yizheng,CHN,109268
Yongchon,KOR,113511
Koror,PLW,12000
Salvador,BRA,2302832
SantarÃ©m,BRA,241771
TaboÃ£o da Serra,BRA,197550
CametÃ¡,BRA,92779
Welkom,ZAF,203296
Daraga (Locsin),PHL,101031
Kure,JPN,206504
Okinawa,JPN,117748
VitÃ³ria,BRA,270626
Ibarra,ECU,130643
Albacete,ESP,147527
AlcorcÃ³n,ESP,142048
Sekondi-Takoradi,GHA,103653
Brasov,ROM,314225
Rangpur,BGD,191398
ViamÃ£o,BRA,207557
Araras,BRA,101046
Cimahi,IDN,344600
Jaunpur,IND,136062
Maebashi,JPN,284473
Qitaihe,CHN,214957
Nawabganj,BGD,130577
Tiefa,CHN,131807
Benin City,NGA,229400
Tres de Febrero,ARG,352311
JaboatÃ£o dos Guararapes,BRA,558680
Lubao,PHL,125699
Concepcion,PHL,115171
Chhindwara,IND,93731
Shaoguan,CHN,350043
Shihezi,CHN,299676
Sinuiju,PRK,326011
Colatina,BRA,107354
Passos,BRA,98570
South Dum Dum,IND,232811
Yangsan,KOR,163351
Opole,POL,129553
GÃ¶ttingen,DEU,124775
Odesa,UKR,1011000
Barra Mansa,BRA,168953
Pouso Alegre,BRA,100028
Denpasar,IDN,435000
Hugli-Chinsurah,IND,151806
Kanchrapara,IND,100194
Graz,AUT,240967
Fujisawa,JPN,372840
Xianyang,CHN,352125
Maoming,CHN,178683
Mostaganem,DZA,115212
Marawi,PHL,131090
Serampore,IND,137028
Isehara,JPN,98123
Zapopan,MEX,1002239
Canoas,BRA,294125
GuarujÃ¡,BRA,237206
Esmeraldas,ECU,123045
San Mateo,PHL,135603
Basse-Terre,GLP,12433
Taranto,ITA,208214
Rimini,ITA,131062
Sanda,JPN,105643
NiÅ¡,YUG,175391
Dalian,CHN,2697000
Ankang,CHN,142170
Beihai,CHN,112673
Jessentuki,RUS,97900
San Fernando,ARG,153036
Dudley,GBR,192171
Alberton,ZAF,410102
Qyzylorda,KAZ,157400
Masqat,OMN,51969
Aix-en-Provence,FRA,134222
TÃ¢rgoviste,ROM,98980
Badalona,ESP,209635
Tirupati,IND,174369
Zhangjiakou,CHN,530000
Pingdu,CHN,150123
Zhoukou,CHN,146288
Bikenibeu,KIR,5055
Korolev,RUS,132400
Barretos,BRA,104156
Santiago,PHL,110531
Nanchong,CHN,180273
Guaymas,MEX,130108
LomÃ©,TGO,375000
Cape Town,ZAF,2352121
Teheran,IRN,6758845
Beppu,JPN,127486
Sariaya,PHL,114568
Kanchipuram,IND,150100
Sogamoso,COL,107728
Concordia,ARG,116485
Paarl,ZAF,105768
Firozabad,IND,215128
North Dum Dum,IND,149965
Wadi al-Sir,JOR,89104
Zhongshan,CHN,278829
Lakewood,USA,144126
Batna,DZA,183377
Watford,GBR,113080
Urawa,JPN,469675
Liaoyuan,CHN,354141
Olomouc,CZE,102702
Ech-Chleff (el-Asnam),DZA,96794
Caruaru,BRA,244247
Marv Dasht,IRN,103579
Tokai,JPN,99738
Yixing,CHN,200824
Pontianak,IDN,409632
Saga,JPN,170034
Joetsu,JPN,133505
Masaya,NIC,88971
Tsaotun,TWN,96800
Leicester,GBR,294000
Valparai,IND,106523
Patan,IND,96109
Matsumoto,JPN,206801
DaÂ´an,CHN,138963
Pyongyang,PRK,2484000
Jhansi,IND,300850
Parbhani,IND,190255
Kiryu,JPN,118326
Jingdezhen,CHN,281183
Pegu (Bago),MMR,190900
Sargodha,PAK,455360
KoÅ¡ice,SVK,241874
Dubai,ARE,669181
Canberra,AUS,322723
GijÃ³n,ESP,267980
Probolinggo,IDN,120770
Garut,IDN,95800
Phnom Penh,KHM,570155
Heze,CHN,189293
Liangcheng,CHN,156307
Granada,ESP,244767
Elche [Elx],ESP,193174
Santa Rosa,PHL,185633
Bihar Sharif,IND,201323
Kasukabe,JPN,201838
Qiqihar,CHN,1070000
Oaxaca de JuÃ¡rez,MEX,256848
Gent,BEL,224180
Edinburgh,GBR,450180
Guayaquil,ECU,2070040
Raurkela Civil Township,IND,140408
Navsari,IND,126089
Otaru,JPN,155784
Qingyuan,CHN,164641
Kolwezi,COD,417810
Blackburn,GBR,140000
Kumbakonam,IND,139483
Kawagoe,JPN,327211
Augsburg,DEU,254867
Witten,DEU,103384
Omdurman,SDN,1271403
Enschede,NLD,149544
Kabankalan,PHL,149769
Meerut,IND,753778
Sikar,IND,148272
Halisahar,IND,114028
North Barrackpur,IND,100513
Jahrom,IRN,94200
Soka,JPN,222768
Podgorica,YUG,135000
Halifax,CAN,113910
Astana,KAZ,311200
Binzhou,CHN,133555
Stockport,GBR,132813
Bilaspur,IND,179833
Nara,JPN,362812
Xiaoshan,CHN,162930
Makurdi,NGA,123100
Bahawalnagar,PAK,109600
Zaanstad,NLD,135621
FlorianÃ³polis,BRA,281928
Kumasi,GHA,385192
Pingdingshan,CHN,410775
Zigong,CHN,393184
YongÂ´an,CHN,111762
Bruxelles [Brussel],BEL,133859
Huangshan,CHN,102628
Southampton,GBR,216000
General Mariano Alvarez,PHL,112446
Bally,IND,184474
Novomoskovsk,RUS,138100
Alger,DZA,2168000
Karbala,IRQ,296705
Jamestown,SHN,1500
Santa Luzia,BRA,164704
Patna,IND,917243
Novopolotsk,BLR,106000
Perth,AUS,1096829
Puri,IND,125199
Larisa,GRC,113090
ParanaguÃ¡,BRA,126076
Norwich,GBR,124000
Grimsby,GBR,89000
LeÃ³n,ESP,139809
Purnea (Purnia),IND,114912
Modena,ITA,176022
Daito,JPN,130594
Panzhihua,CHN,415466
Jakutsk,RUS,195400
Haag,NLD,440900
Tabaco,PHL,107166
Bengkulu,IDN,146439
Suizhou,CHN,142302
Qidong,CHN,126872
Sarajevo,BIH,360000
TeresÃ³polis,BRA,128079
CubatÃ£o,BRA,102372
Springs,ZAF,162072
Mekele,ETH,96938
al-Nasiriya,IRQ,265937
Lecce,ITA,98208
Majalaya,IDN,93200
Scarborough,CAN,594501
Fengyuan,TWN,161032
Gazipur,BGD,96717
Puerto Montt,CHL,152194
Sabadell,ESP,184859
San Jose,PHL,111009
Tegucigalpa,HND,813900
Mandasor,IND,95758
Kakogawa,JPN,266281
Chofu,JPN,201585
Zama,JPN,122046
Xalapa,MEX,390058
NeuquÃ©n,ARG,167296
TatuÃ­,BRA,93897
Sevilla,ESP,701927
TÃ³rshavn,FRO,14542
Nashik (Nasik),IND,656925
Bidar,IND,108016
Kitakyushu,JPN,1016264
Huainan,CHN,700000
Zhumadian,CHN,123232
ParnaÃ­ba,BRA,129756
Jaipur,IND,1458483
Champdani,IND,98818
Taizz,YEM,317600
Namwon,KOR,103544
Najran,SAU,91000
Getafe,ESP,145371
Amagasaki,JPN,481434
Ocumare del Tuy,VEN,97168
Tenali,IND,143726
Venezia,ITA,277305
Meru,KEN,94947
HuÃ¡nuco,PER,129688
Roubaix,FRA,96984
Budapest,HUN,1811552
SÃ£o JoÃ£o de Meriti,BRA,440052
Sapucaia do Sul,BRA,120217
Pallavaram,IND,111866
Brest,BLR,286000
Vellore,IND,175061
Lerma,MEX,99714
Buzau,ROM,148372
Boa Vista,BRA,167185
Guarapuava,BRA,160510
Yokkaichi,JPN,288173
Walsall,GBR,174739
Ruse,BGR,166467
Nanchang,CHN,1691600
MartÃ­nez de la Torre,MEX,118815
Dera Ghazi Khan,PAK,188100
Lille,FRA,184657
FÃ¼rth,DEU,109771
Talkha,EGY,97700
Navotas,PHL,230403
Padang,IDN,534474
Ingraj Bazar (English Bazar),IND,139204
TÅ¡erepovets,RUS,324400
Cainta,PHL,242511
Zinacantepec,MEX,121715
Santa Maria,PHL,144282
Cavite,PHL,99367
Vishakhapatnam,IND,752037
Xuchang,CHN,208815
Guarenas,VEN,165889
Columbia,USA,116278
Hobart,AUS,126118
Saidpur,BGD,96777
Shillong,IND,131719
Yulin,CHN,144467
Yuncheng,CHN,108359
Mallawi,EGY,119283
Pietermaritzburg,ZAF,370190
Mashhad,IRN,1887405
Qarchak,IRN,142690
Qashqar,CHN,174570
Sanya,CHN,102820
Yuzhou,CHN,92889
Namangan,UZB,370500
Zukovski,RUS,96500
Cachoeiro de Itapemirim,BRA,155024
Klerksdorp,ZAF,261911
Bislig,PHL,97860
Shulin,TWN,151260
Almirante Brown,ARG,538918
Luxor,EGY,360503
Bhimavaram,IND,121314
Suzhou,CHN,151862
Macon,USA,113336
Cilacap,IDN,206900
Puqi,CHN,117264
Victoria,SYC,41000
Ede,NLD,101574
Francistown,BWA,101805
Lleida (LÃ©rida),ESP,112207
Etawah,IND,124072
Knoxville,USA,173890
New Bombay,IND,307297
Phyongsong,PRK,272934
Helsingborg,SWE,117737
CriciÃºma,BRA,167661
Timkur,IND,138903
Cagliari,ITA,165926
Nanking [Nanjing],CHN,2870300
Xichang,CHN,134419
Saratov,RUS,874000
Tabriz,IRN,1191043
Chimoio,MOZ,171056
Simferopol,UKR,339000
Pilar,ARG,113428
Baoding,CHN,483155
Yueyang,CHN,302800
CÃºcuta,COL,606932
Hailun,CHN,133565
Marseille,FRA,798430
Mykolajiv,UKR,508000
Campina Grande,BRA,352497
Amol,IRN,159092
Itami,JPN,190886
Nairobi,KEN,2290000
Bacoor,PHL,305699
Sari,IRN,195882
Belize City,BLZ,55810
Madrid,ESP,2879052
Samarinda,IDN,399175
Citeureup,IDN,105100
Hassan,IND,90803
Khorramabad,IRN,272815
Messina,ITA,259156
Jilin,CHN,1040000
Atibaia,BRA,100356
Bandar-e-Abbas,IRN,273578
Kofu,JPN,199753
Blantyre,MWI,478155
Brugge,BEL,116246
Barakaldo,ESP,98212
Ichikawa,JPN,441893
Tianshui,CHN,244974
Surgut,RUS,274900
PopayÃ¡n,COL,200719
Ansan,KOR,510314
Harkova [Harkiv],UKR,1500000
Ternopil,UKR,236000
Berazategui,ARG,276916
Laoag,PHL,94466
Binjai,IDN,127222
Harbin,CHN,4289800
Mojokerto,IDN,96626
Parma,ITA,168717
Fukuyama,JPN,376921
Saskatoon,CAN,193647
Xining,CHN,700200
Lund,SWE,98948
JosÃ© C. Paz,ARG,221754
MauÃ¡,BRA,375055
Camaragibe,BRA,118968
Lauro de Freitas,BRA,109236
Parnamirim,BRA,96210
Iligan,PHL,285061
Santa Cruz,PHL,92694
Ueda,JPN,124217
Tarija,BOL,125255
BagÃ©,BRA,120793
Dehra Dun,IND,270159
Delicias,MEX,116132
Sokoto,NGA,204900
Khulna,BGD,663340
Barbacena,BRA,113079
Rio Verde,BRA,107755
Porbandar,IND,116671
Ambala Sadar,IND,90712
Raigarh,IND,89166
Tsu,JPN,164543
Vaughan,CAN,147889
Amoy [Xiamen],CHN,627500
Lowell,USA,105167
Surendranagar,IND,105973
Gdansk,POL,458988
Bonn,DEU,301048
Luanshya,ZMB,118100
Orai,IND,98640
Ebetsu,JPN,118805
Delmas,HTI,240429
Richmond,CAN,148867
Yangor,NRU,4050
Zabrze,POL,200177
al-Hilla,IRQ,268834
Brindisi,ITA,93454
Kelowna,CAN,89442
Guilin,CHN,364130
Rizhao,CHN,185048
Huangyan,CHN,89288
al-Mubarraz,SAU,219100
MacaÃ©,BRA,125597
Portsmouth,GBR,190000
Sakura,JPN,168072
Colorado Springs,USA,360890
Arnhem,NLD,138020
Soyapango,SLV,129800
Ourense (Orense),ESP,109120
Tiruvannamalai,IND,109196
Ichihara,JPN,279280
Fuyang,CHN,179572
Bogra,BGD,120170
Charleroi,BEL,200827
SÃ£o JosÃ© do Rio Preto,BRA,351944
Port Elizabeth,ZAF,752319
Brakpan,ZAF,171363
Bharuch (Broach),IND,133102
Naha,JPN,299851
Ogaki,JPN,151758
Linyi,CHN,324720
Kusatsu,JPN,106232
Weihai,CHN,128888
Les Abymes,GLP,62947
Karawang,IDN,145000
Khoy,IRN,148944
Springfield,USA,152082
Malvinas Argentinas,ARG,290335
Jerez de la Frontera,ESP,182660
Cuddapah,IND,121463
Istanbul,TUR,8787958
Slovjansk,UKR,127000
Davao,PHL,1147116
Asaka,JPN,114815
Kuwana,JPN,106121
Barinas,VEN,217831
Serang,IDN,122400
Bahraich,IND,135400
Ota,JPN,145317
Bozhou,CHN,106346
Bello,COL,333470
Macuspana,MEX,133795
Adiyaman,TUR,141529
Nagoya,JPN,2154376
Guelph,CAN,103593
Taraz,KAZ,330100
Beipiao,CHN,194301
Kalemie,COD,101309
Kafr al-Dawwar,EGY,231978
Vadodara (Baroda),IND,1031346
Maunath Bhanjan,IND,136697
Satara,IND,95133
MontrÃ©al,CAN,1016376
Honghu,CHN,190772
Beni-Mellal,MAR,140212
MayagÃ¼ez,PRI,98434
Sakarya (Adapazari),TUR,190641
EunÃ¡polis,BRA,96610
Kolhapur,IND,406370
Calgary,CAN,768082
Leiyang,CHN,130115
Malita,PHL,100000
Atsugi,JPN,212407
Tsukuba,JPN,160768
East York,CAN,114034
Manaus,BRA,1255049
Roseau,DMA,16243
Malayer,IRN,144373
Nigel,ZAF,96734
Midsayap,PHL,105760
Burhanpur,IND,172710
Baquba,IRQ,114516
Zahedan,IRN,419518
Torino,ITA,903705
Mishima,JPN,109699
YanÂ´an,CHN,113277
Kaduna,NGA,342200
Miaoli,TWN,90000
Melipilla,CHL,91056
San Fernando,PHL,102082
Innsbruck,AUT,111752
Niiza,JPN,147744
Torbat-e Heydariyeh,IRN,94600
Chaozhou,CHN,313469
Centro (Villahermosa),MEX,519873
Shaki,NGA,174500
SÃ©tif,DZA,179055
Formosa,ARG,147636
al-Faiyum,EGY,260964
Roodepoort,ZAF,279340
Surigao,PHL,118534
Faridabad,IND,703592
Qom,IRN,777677
Tumen,CHN,91471
Essen,DEU,599515
Leipzig,DEU,489532
GÃ¼tersloh,DEU,95028
Chungli,TWN,318649
Cariacica,BRA,319033
Alagoinhas,BRA,126820
Swindon,GBR,180000
Ujjain,IND,362266
Arrah (Ara),IND,157082
Uberaba,BRA,249225
Sunderland,GBR,183310
Foggia,ITA,154891
Yanji,CHN,230892
Delft,NLD,95268
PetrÃ³polis,BRA,279183
Baybay,PHL,95630
Neyveli,IND,118080
La Spezia,ITA,95504
Hirosaki,JPN,177522
Shashi,CHN,281352
Xingcheng,CHN,102384
Depok,IDN,365200
Burnaby,CAN,179209
LambarÃ©,PRY,99681
Hualien,TWN,108407
Hradec KrÃ¡lovÃ©,CZE,98080
Townsville,AUS,109914
Sucre,BOL,178426
Gaborone,BWA,213017
San Miguel,SLV,127696
Miyakonojo,JPN,133183
Isahaya,JPN,93058
Minoo,JPN,127026
Nishio,JPN,100032
Ningbo,CHN,1371200
Jincheng,CHN,136396
West Island,CCK,167
Yamoussoukro,CIV,130000
JundÃ­aÃ­,BRA,296127
VÃ¡rzea Grande,BRA,214435
Malabon,PHL,338855
Bago,PHL,141721
Bangalore,IND,2660088
Novi Sad,YUG,179626
Laizhou,CHN,198664
Vladivostok,RUS,606200
Spokane,USA,195629
Palma de Mallorca,ESP,326993
Asansol,IND,262188
Hindupur,IND,104651
Toda,JPN,103969
Cayenne,GUF,50699
Tangail,BGD,106004
Juazeiro do Norte,BRA,199636
Kanpur,IND,1874409
Patiala,IND,238368
Sakata,JPN,101651
Sirjan,IRN,135024
Sassari,ITA,120803
Dinajpur,BGD,127815
Silang,PHL,156137
Malang,IDN,716862
Osaka,JPN,2595674
Aomori,JPN,295969
Fuchu,JPN,220576
ItagÃ¼Ã­,COL,228985
Pusan,KOR,3804522
Naperville,USA,128358
Norwalk,USA,103298
Ongole,IND,100836
Gliwice,POL,212164
Campo Grande,BRA,649593
Rewa,IND,128981
Andria,ITA,94443
Onomichi,JPN,93756
Smolensk,RUS,353400
Saqqez,IRN,115394
Osijek,HRV,104761
Reynosa,MEX,419776
Ahmadpur East,PAK,96000
al-Fashir,SDN,141884
Budaun,IND,116695
Asahikawa,JPN,364813
Akishima,JPN,106914
Tsuyama,JPN,91170
Resistencia,ARG,229212
Tungi,BGD,168702
Niigata,JPN,497464
Cali,COL,2077386
Port Harcourt,NGA,410000
Kramatorsk,UKR,186000
MatarÃ³,ESP,104095
Nasugbu,PHL,96113
Beerseba,ISR,163700
Kurashiki,JPN,425103
Yangjiang,CHN,215196
Dos Quebradas,COL,159363
Boma,COD,135284
Fort Worth,USA,534694
Catanduva,BRA,107761
Gwalior,IND,690765
Abadan,IRN,206073
Bandar-e Anzali,IRN,98500
Leshan,CHN,341128
Chalco,MEX,222201
Kueishan,TWN,112195
Tama,JPN,146712
San Miguel,ARG,248700
Pangkal Pinang,IDN,124000
Keelung (Chilung),TWN,385201
IlhÃ©us,BRA,254970
DasmariÃ±as,PHL,379520
Butuan,PHL,267279
Angeles,PHL,263971
Bansberia,IND,93447
Moers,DEU,106837
Porto-Novo,BEN,194000
Poole,GBR,141000
Akola,IND,328034
Machilipatnam (Masulipatam),IND,159110
Tongchuan,CHN,280657
Zenica,BIH,96027
MagÃ©,BRA,196147
Durban,ZAF,566120
Chandannagar,IND,120378
Reggio di Calabria,ITA,179617
Ganzhou,CHN,220129
Asyut,EGY,343498
Talavera,PHL,97329
Tbilisi,GEO,1235200
Semey,KAZ,269600
Hyesan,PRK,178020
Piracicaba,BRA,319104
Maizuru,JPN,94784
Vihari,PAK,92300
Bottrop,DEU,121097
Teresina,BRA,691942
NilÃ³polis,BRA,153383
Tarragona,ESP,113016
Pematang Siantar,IDN,203056
Tasikmalaya,IDN,179800
Shuangyashan,CHN,386081
Huzhou,CHN,218071
Kalookan,PHL,1177604
San Isidro,ARG,306341
Leeds,GBR,424194
Bournemouth,GBR,162000
Fuenlabrada,ESP,171173
AlcalÃ¡ de Henares,ESP,164463
Zabol,IRN,100887
Bukavu,COD,201569
Arica,CHL,189036
Morioka,JPN,287353
Manzhouli,CHN,120023
Cartagena,COL,805757
OthÃ³n P. Blanco (Chetumal),MEX,208014
Jaya Pura,IDN,94700
Yamuna Nagar,IND,144346
Bose,CHN,93009
ItaboraÃ­,BRA,173977
MarabÃ¡,BRA,167795
VitÃ³ria de Santo AntÃ£o,BRA,113595
Imus,PHL,195482
Semarang,IDN,1104405
JuÃ¡rez,MEX,1217818
Isparta,TUR,121911
Burgos,ESP,162802
Dibrugarh,IND,120127
Bhind,IND,109755
al-Ramadi,IRQ,192556
Zhengzhou,CHN,2107200
HuaiÂ´an,CHN,131149
Kinshasa,COD,5064000
Sydney,AUS,3276207
Brighton,GBR,156124
al-Raqqa,SYR,108020
Armavir,RUS,164900
Florencio Varela,ARG,315432
Mataram,IDN,306600
Bharatpur,IND,148519
Longjing,CHN,139417
Vinnytsja,UKR,391000
Fagatogo,ASM,2323
Conselheiro Lafaiete,BRA,97507
Bacolod,PHL,429076
Bhopal,IND,1062771
Saanich,CAN,101388
Meixian,CHN,132156
Kaliningrad,RUS,424400
Wuzhou,CHN,210452
Taizhou,CHN,152442
Quzhou,CHN,112373
Goma,COD,109094
Agadir,MAR,155244
Assuan,EGY,219017
Wonderboom,ZAF,283289
Sambalpur,IND,131138
Hefei,CHN,1369100
Accra,GHA,1070000
Rae Bareli,IND,129904
Pingchen,TWN,188344
Itu,BRA,132736
Trento,ITA,104906
Junan,CHN,90222
Kiseljovsk,RUS,110000
Bakersfield,USA,247057
AgaÃ±a,GUM,1139
Depok,IDN,106800
Mirzapur-cum-Vindhyachal,IND,169336
Rishon Le Ziyyon,ISR,188200
Haicheng,CHN,205560
Jiangyou,CHN,175753
Honiara,SLB,50100
Alicante [Alacant],ESP,272432
Barasat,IND,107365
Arak,IRN,380755
Najafabad,IRN,178498
Omuta,JPN,142889
Lanzhou,CHN,1565800
Columbus,USA,186291
RÃ­obamba,ECU,123163
Morvi,IND,90357
Koshigaya,JPN,301446
San Pedro Garza GarcÃ­a,MEX,126147
Gujrat,PAK,250121
LinkÃ¶ping,SWE,133168
Abu Dhabi,ARE,398695
Bento GonÃ§alves,BRA,89254
Takasago,JPN,97632
Konan,JPN,95521
LiuÂ´an,CHN,144248
Jieyang,CHN,98531
Sliven,BGR,105530
Acheng,CHN,197595
Mbuji-Mayi,COD,806475
Boulogne-Billancourt,FRA,106367
Hims,SYR,507404
ChÃ¤rjew,TKM,189200
Ituiutaba,BRA,90507
ConcepciÃ³n,CHL,217664
Olongapo,PHL,194260
Arayat,PHL,101792
Mabalacat,PHL,171045
Casablanca,MAR,2940623
Slupsk,POL,102370
Oruro,BOL,223553
Tagum,PHL,179531
Chandrapur,IND,226105
Noida,IND,146514
Rasht,IRN,417748
Maragheh,IRN,132318
Netanya,ISR,154900
Pasto,COL,332396
Escobar,ARG,116675
Kashiwazaki,JPN,91229
Komaki,JPN,139827
General San MartÃ­n,ARG,422542
Porto Alegre,BRA,1314032
Santa Cruz de Tenerife,ESP,213050
Avadi,IND,183215
Munich [MÃ¼nchen],DEU,1194560
Sivas,TUR,246642
Naogaon,BGD,101266
Manta,ECU,164739
Chandigarh,IND,504094
Palghat (Palakkad),IND,123289
Bengbu,CHN,449245
Jinzhou,CHN,95761
AtÅ¡insk,RUS,121600
MingÃ¤Ã§evir,AZE,93900
Blumenau,BRA,244379
MÃ¡laga,ESP,530553
Randfontein,ZAF,120838
Amritsar,IND,708835
Daqing,CHN,660000
Mersin (IÃ§el),TUR,587212
Feira de Santana,BRA,479992
Diadema,BRA,335078
Taytay,PHL,198183
Concord,USA,121780
Ghaziabad,IND,454156
Ilam,IRN,126346
Kingston,JAM,103962
Hegang,CHN,520000
Xinxiang,CHN,473762
Xinyang,CHN,192509
Seoul,KOR,9981619
Ahome,MEX,358663
Akure,NGA,162300
San Juan,PRI,434374
Katowice,POL,345934
Salta,ARG,367550
Nottingham,GBR,287000
Plovdiv,BGR,342584
Pretoria,ZAF,658630
Nazret,ETH,127842
Ciudad de Guatemala,GTM,823301
Pemalang,IDN,103500
Xiaogan,CHN,166280
Aracaju,BRA,445555
Ambattur,IND,215424
Khujand,TJK,161500
Gurgaon,IND,128608
Yeotmal (Yavatmal),IND,108578
Fujieda,JPN,126897
Lianyungang,CHN,354139
Zhucheng,CHN,102134
Brownsville,USA,139722
Sasaram,IND,98220
Torre del Greco,ITA,94505
Kashiwa,JPN,320296
Puerto Vallarta,MEX,183741
Digos,PHL,125171
Dindigul,IND,182477
Huangshi,CHN,457601
Addis Abeba,ETH,2495000
Brahmapur,IND,210418
Pescara,ITA,115698
Pinar del RÃ­o,CUB,142100
Purwakarta,IDN,95900
Gudivada,IND,101656
Ezeiza,ARG,99578
GoiÃ¢nia,BRA,1056330
Pekan Baru,IDN,438638
Guntur,IND,471051
Pingxiang,CHN,425579
Puyang,CHN,175988
Santa Cruz de la Sierra,BOL,935361
Vigo,ESP,283670
TorrejÃ³n de Ardoz,ESP,92262
Midnapore (Medinipur),IND,125498
Suzuka,JPN,184061
Douala,CMR,1448300
Richmond Hill,CAN,116428
Kaiyuan,CHN,124219
Namyangju,KOR,229060
Salvatierra,MEX,94322
San NicolÃ¡s de los Arroyos,ARG,119302
Cotia,BRA,140042
GuaÃ­ba,BRA,92224
Wolverhampton,GBR,242000
Aizawl,IND,155240
Yamagata,JPN,255617
Yangzhou,CHN,312892
Santa Marta,COL,359147
Gandhinagar,IND,123359
Balurghat,IND,119796
Pisa,ITA,92379
ZÃ¼rich,CHE,336800
George,ZAF,93818
Valenzuela,PHL,485433
Seto,JPN,130470
Mazar-e-Sharif,AFG,127800
SÃ£o Caetano do Sul,BRA,133321
Marikina,PHL,391170
Pasuruan,IDN,134019
Agartala,IND,157358
Bhir (Bid),IND,112434
Langfang,CHN,148105
Kimhae,KOR,256370
Ruda Slaska,POL,159665
RibeirÃ£o Pires,BRA,108121
Nagar Coil,IND,190084
Eslamshahr,IRN,265450
YaoundÃ©,CMR,1372800
Giron,COL,90688
Santana do Livramento,BRA,91779
Douglas,GBR,23487
Tshikapa,COD,180860
Kuching,MYS,148059
Ila,NGA,264000
Ottawa,CAN,335277
Jinhua,CHN,144280
Barueri,BRA,208426
CuricÃ³,CHL,115766
Shibin al-Kawm,EGY,159909
Stanley,FLK,1636
Shantou,CHN,580000
Mianyang,CHN,262947
Liepaja,LVA,89439
Monrovia,LBR,850000
Offenbach am Main,DEU,116627
HortolÃ¢ndia,BRA,135755
Uvira,COD,115590
Olmalik,UZB,114900
Mar del Plata,ARG,512880
Jirja,EGY,95400
Puerto Princesa,PHL,161912
Å iauliai,LTU,146563
Kabul,AFG,1780000
Å umen,BGR,94686
Gulbarga,IND,304099
Chapra,IND,136877
Qutubullapur,IND,105380
Shenzhen,CHN,950500
Tafuna,ASM,5200
San Pedro de la Paz,CHL,91684
Kurnool,IND,236800
Trieste,ITA,216459
Kioto,JPN,1461974
Zhezqazghan,KAZ,90000
Chinhae,KOR,125997
Gillingham,GBR,92000
Tacloban,PHL,178639
Bamenda,CMR,138000
Hamilton,CAN,335614
Hengyang,CHN,487148
